"observation_id","subject_type","subject_id","metric_id","value_numeric","value_text","unit_label","year","time_granularity","quality_flag","comparability_flag","population_group_id","dataset_release_id","source_indicator_code","source_country_code","source_country_name"
"observation/USA/completion_rate_primary/2017/all","Jurisdiction","jurisdiction/USA","completion_rate_primary","98.8321990966797","","% of relevant age group","2017","annual","unknown","partially_comparable","","release/worldbank/edstats_phase1/2026-03-30","SE.PRM.CMPT.ZS","USA","United States"
"observation/USA/completion_rate_primary/2018/all","Jurisdiction","jurisdiction/USA","completion_rate_primary","100.092697143555","","% of relevant age group","2018","annual","unknown","partially_comparable","","release/worldbank/edstats_phase1/2026-03-30","SE.PRM.CMPT.ZS","USA","United States"
"observation/USA/completion_rate_primary/2019/all","Jurisdiction","jurisdiction/USA","completion_rate_primary","100.489051818848","","% of relevant age group","2019","annual","unknown","partially_comparable","","release/worldbank/edstats_phase1/2026-03-30","SE.PRM.CMPT.ZS","USA","United States"
"observation/USA/completion_rate_primary/2020/all","Jurisdiction","jurisdiction/USA","completion_rate_primary","100.923667907715","","% of relevant age group","2020","annual","unknown","partially_comparable","","release/worldbank/edstats_phase1/2026-03-30","SE.PRM.CMPT.ZS","USA","United States"
"observation/USA/completion_rate_primary/2021/all","Jurisdiction","jurisdiction/USA","completion_rate_primary","101.091278076172","","% of relevant age group","2021","annual","unknown","partially_comparable","","release/worldbank/edstats_phase1/2026-03-30","SE.PRM.CMPT.ZS","USA","United States"
"observation/USA/completion_rate_primary/2022/all","Jurisdiction","jurisdiction/USA","completion_rate_primary","95.743522644043","","% of relevant age group","2022","annual","unknown","partially_comparable","","release/worldbank/edstats_phase1/2026-03-30","SE.PRM.CMPT.ZS","USA","United States"
"observation/USA/gdp_per_capita_constant_usd/1960/all","Jurisdiction","jurisdiction/USA","gdp_per_capita_constant_usd","18899.1580127887","","constant 2015 US$","1960","annual","unknown","partially_comparable","","release/worldbank/edstats_phase1/2026-03-30","NY.GDP.PCAP.KD","USA","United States"
"observation/USA/gdp_per_capita_constant_usd/1961/all","Jurisdiction","jurisdiction/USA","gdp_per_capita_constant_usd","19015.9777136991","","constant 2015 US$","1961","annual","unknown","partially_comparable","","release/worldbank/edstats_phase1/2026-03-30","NY.GDP.PCAP.KD","USA","United States"
"observation/USA/gdp_per_capita_constant_usd/1962/all","Jurisdiction","jurisdiction/USA","gdp_per_capita_constant_usd","19868.0207995247","","constant 2015 US$","1962","annual","unknown","partially_comparable","","release/worldbank/edstats_phase1/2026-03-30","NY.GDP.PCAP.KD","USA","United States"
"observation/USA/gdp_per_capita_constant_usd/1963/all","Jurisdiction","jurisdiction/USA","gdp_per_capita_constant_usd","20445.8368750774","","constant 2015 US$","1963","annual","unknown","partially_comparable","","release/worldbank/edstats_phase1/2026-03-30","NY.GDP.PCAP.KD","USA","United States"
"observation/USA/gdp_per_capita_constant_usd/1964/all","Jurisdiction","jurisdiction/USA","gdp_per_capita_constant_usd","21333.2984355768","","constant 2015 US$","1964","annual","unknown","partially_comparable","","release/worldbank/edstats_phase1/2026-03-30","NY.GDP.PCAP.KD","USA","United States"
"observation/USA/gdp_per_capita_constant_usd/1965/all","Jurisdiction","jurisdiction/USA","gdp_per_capita_constant_usd","22416.6241536604","","constant 2015 US$","1965","annual","unknown","partially_comparable","","release/worldbank/edstats_phase1/2026-03-30","NY.GDP.PCAP.KD","USA","United States"
"observation/USA/gdp_per_capita_constant_usd/1966/all","Jurisdiction","jurisdiction/USA","gdp_per_capita_constant_usd","23599.5749334506","","constant 2015 US$","1966","annual","unknown","partially_comparable","","release/worldbank/edstats_phase1/2026-03-30","NY.GDP.PCAP.KD","USA","United States"
"observation/USA/gdp_per_capita_constant_usd/1967/all","Jurisdiction","jurisdiction/USA","gdp_per_capita_constant_usd","23927.5975287955","","constant 2015 US$","1967","annual","unknown","partially_comparable","","release/worldbank/edstats_phase1/2026-03-30","NY.GDP.PCAP.KD","USA","United States"
"observation/USA/gdp_per_capita_constant_usd/1968/all","Jurisdiction","jurisdiction/USA","gdp_per_capita_constant_usd","24826.9926989169","","constant 2015 US$","1968","annual","unknown","partially_comparable","","release/worldbank/edstats_phase1/2026-03-30","NY.GDP.PCAP.KD","USA","United States"
"observation/USA/gdp_per_capita_constant_usd/1969/all","Jurisdiction","jurisdiction/USA","gdp_per_capita_constant_usd","25347.7065228137","","constant 2015 US$","1969","annual","unknown","partially_comparable","","release/worldbank/edstats_phase1/2026-03-30","NY.GDP.PCAP.KD","USA","United States"
"observation/USA/gdp_per_capita_constant_usd/1970/all","Jurisdiction","jurisdiction/USA","gdp_per_capita_constant_usd","25108.3873891175","","constant 2015 US$","1970","annual","unknown","partially_comparable","","release/worldbank/edstats_phase1/2026-03-30","NY.GDP.PCAP.KD","USA","United States"
"observation/USA/gdp_per_capita_constant_usd/1971/all","Jurisdiction","jurisdiction/USA","gdp_per_capita_constant_usd","25609.294432327","","constant 2015 US$","1971","annual","unknown","partially_comparable","","release/worldbank/edstats_phase1/2026-03-30","NY.GDP.PCAP.KD","USA","United States"
"observation/USA/gdp_per_capita_constant_usd/1972/all","Jurisdiction","jurisdiction/USA","gdp_per_capita_constant_usd","26668.1690068193","","constant 2015 US$","1972","annual","unknown","partially_comparable","","release/worldbank/edstats_phase1/2026-03-30","NY.GDP.PCAP.KD","USA","United States"
"observation/USA/gdp_per_capita_constant_usd/1973/all","Jurisdiction","jurisdiction/USA","gdp_per_capita_constant_usd","27906.1356426005","","constant 2015 US$","1973","annual","unknown","partially_comparable","","release/worldbank/edstats_phase1/2026-03-30","NY.GDP.PCAP.KD","USA","United States"
"observation/USA/gdp_per_capita_constant_usd/1974/all","Jurisdiction","jurisdiction/USA","gdp_per_capita_constant_usd","27502.8548958664","","constant 2015 US$","1974","annual","unknown","partially_comparable","","release/worldbank/edstats_phase1/2026-03-30","NY.GDP.PCAP.KD","USA","United States"
"observation/USA/gdp_per_capita_constant_usd/1975/all","Jurisdiction","jurisdiction/USA","gdp_per_capita_constant_usd","27177.0167648036","","constant 2015 US$","1975","annual","unknown","partially_comparable","","release/worldbank/edstats_phase1/2026-03-30","NY.GDP.PCAP.KD","USA","United States"
"observation/USA/gdp_per_capita_constant_usd/1976/all","Jurisdiction","jurisdiction/USA","gdp_per_capita_constant_usd","28370.4569990061","","constant 2015 US$","1976","annual","unknown","partially_comparable","","release/worldbank/edstats_phase1/2026-03-30","NY.GDP.PCAP.KD","USA","United States"
"observation/USA/gdp_per_capita_constant_usd/1977/all","Jurisdiction","jurisdiction/USA","gdp_per_capita_constant_usd","29385.3192596356","","constant 2015 US$","1977","annual","unknown","partially_comparable","","release/worldbank/edstats_phase1/2026-03-30","NY.GDP.PCAP.KD","USA","United States"
"observation/USA/gdp_per_capita_constant_usd/1978/all","Jurisdiction","jurisdiction/USA","gdp_per_capita_constant_usd","30684.9987747049","","constant 2015 US$","1978","annual","unknown","partially_comparable","","release/worldbank/edstats_phase1/2026-03-30","NY.GDP.PCAP.KD","USA","United States"
"observation/USA/gdp_per_capita_constant_usd/1979/all","Jurisdiction","jurisdiction/USA","gdp_per_capita_constant_usd","31309.0493216525","","constant 2015 US$","1979","annual","unknown","partially_comparable","","release/worldbank/edstats_phase1/2026-03-30","NY.GDP.PCAP.KD","USA","United States"
"observation/USA/gdp_per_capita_constant_usd/1980/all","Jurisdiction","jurisdiction/USA","gdp_per_capita_constant_usd","30930.4214515341","","constant 2015 US$","1980","annual","unknown","partially_comparable","","release/worldbank/edstats_phase1/2026-03-30","NY.GDP.PCAP.KD","USA","United States"
"observation/USA/gdp_per_capita_constant_usd/1981/all","Jurisdiction","jurisdiction/USA","gdp_per_capita_constant_usd","31405.6062642433","","constant 2015 US$","1981","annual","unknown","partially_comparable","","release/worldbank/edstats_phase1/2026-03-30","NY.GDP.PCAP.KD","USA","United States"
"observation/USA/gdp_per_capita_constant_usd/1982/all","Jurisdiction","jurisdiction/USA","gdp_per_capita_constant_usd","30546.7587475276","","constant 2015 US$","1982","annual","unknown","partially_comparable","","release/worldbank/edstats_phase1/2026-03-30","NY.GDP.PCAP.KD","USA","United States"
"observation/USA/gdp_per_capita_constant_usd/1983/all","Jurisdiction","jurisdiction/USA","gdp_per_capita_constant_usd","31656.1736604625","","constant 2015 US$","1983","annual","unknown","partially_comparable","","release/worldbank/edstats_phase1/2026-03-30","NY.GDP.PCAP.KD","USA","United States"
"observation/USA/gdp_per_capita_constant_usd/1984/all","Jurisdiction","jurisdiction/USA","gdp_per_capita_constant_usd","33654.3079300258","","constant 2015 US$","1984","annual","unknown","partially_comparable","","release/worldbank/edstats_phase1/2026-03-30","NY.GDP.PCAP.KD","USA","United States"
"observation/USA/gdp_per_capita_constant_usd/1985/all","Jurisdiction","jurisdiction/USA","gdp_per_capita_constant_usd","34748.2668742364","","constant 2015 US$","1985","annual","unknown","partially_comparable","","release/worldbank/edstats_phase1/2026-03-30","NY.GDP.PCAP.KD","USA","United States"
"observation/USA/gdp_per_capita_constant_usd/1986/all","Jurisdiction","jurisdiction/USA","gdp_per_capita_constant_usd","35620.759359254","","constant 2015 US$","1986","annual","unknown","partially_comparable","","release/worldbank/edstats_phase1/2026-03-30","NY.GDP.PCAP.KD","USA","United States"
"observation/USA/gdp_per_capita_constant_usd/1987/all","Jurisdiction","jurisdiction/USA","gdp_per_capita_constant_usd","36523.4044857245","","constant 2015 US$","1987","annual","unknown","partially_comparable","","release/worldbank/edstats_phase1/2026-03-30","NY.GDP.PCAP.KD","USA","United States"
"observation/USA/gdp_per_capita_constant_usd/1988/all","Jurisdiction","jurisdiction/USA","gdp_per_capita_constant_usd","37705.0600397471","","constant 2015 US$","1988","annual","unknown","partially_comparable","","release/worldbank/edstats_phase1/2026-03-30","NY.GDP.PCAP.KD","USA","United States"
"observation/USA/gdp_per_capita_constant_usd/1989/all","Jurisdiction","jurisdiction/USA","gdp_per_capita_constant_usd","38722.252151711","","constant 2015 US$","1989","annual","unknown","partially_comparable","","release/worldbank/edstats_phase1/2026-03-30","NY.GDP.PCAP.KD","USA","United States"
"observation/USA/gdp_per_capita_constant_usd/1990/all","Jurisdiction","jurisdiction/USA","gdp_per_capita_constant_usd","39009.3725082423","","constant 2015 US$","1990","annual","unknown","partially_comparable","","release/worldbank/edstats_phase1/2026-03-30","NY.GDP.PCAP.KD","USA","United States"
"observation/USA/gdp_per_capita_constant_usd/1991/all","Jurisdiction","jurisdiction/USA","gdp_per_capita_constant_usd","38449.8815276871","","constant 2015 US$","1991","annual","unknown","partially_comparable","","release/worldbank/edstats_phase1/2026-03-30","NY.GDP.PCAP.KD","USA","United States"
"observation/USA/gdp_per_capita_constant_usd/1992/all","Jurisdiction","jurisdiction/USA","gdp_per_capita_constant_usd","39256.0481325055","","constant 2015 US$","1992","annual","unknown","partially_comparable","","release/worldbank/edstats_phase1/2026-03-30","NY.GDP.PCAP.KD","USA","United States"
"observation/USA/gdp_per_capita_constant_usd/1993/all","Jurisdiction","jurisdiction/USA","gdp_per_capita_constant_usd","39807.8795034206","","constant 2015 US$","1993","annual","unknown","partially_comparable","","release/worldbank/edstats_phase1/2026-03-30","NY.GDP.PCAP.KD","USA","United States"
"observation/USA/gdp_per_capita_constant_usd/1994/all","Jurisdiction","jurisdiction/USA","gdp_per_capita_constant_usd","40907.0184352707","","constant 2015 US$","1994","annual","unknown","partially_comparable","","release/worldbank/edstats_phase1/2026-03-30","NY.GDP.PCAP.KD","USA","United States"
"observation/USA/gdp_per_capita_constant_usd/1995/all","Jurisdiction","jurisdiction/USA","gdp_per_capita_constant_usd","41507.9135604158","","constant 2015 US$","1995","annual","unknown","partially_comparable","","release/worldbank/edstats_phase1/2026-03-30","NY.GDP.PCAP.KD","USA","United States"
"observation/USA/gdp_per_capita_constant_usd/1996/all","Jurisdiction","jurisdiction/USA","gdp_per_capita_constant_usd","42575.6896936773","","constant 2015 US$","1996","annual","unknown","partially_comparable","","release/worldbank/edstats_phase1/2026-03-30","NY.GDP.PCAP.KD","USA","United States"
"observation/USA/gdp_per_capita_constant_usd/1997/all","Jurisdiction","jurisdiction/USA","gdp_per_capita_constant_usd","43936.9050018073","","constant 2015 US$","1997","annual","unknown","partially_comparable","","release/worldbank/edstats_phase1/2026-03-30","NY.GDP.PCAP.KD","USA","United States"
"observation/USA/gdp_per_capita_constant_usd/1998/all","Jurisdiction","jurisdiction/USA","gdp_per_capita_constant_usd","45374.6215189233","","constant 2015 US$","1998","annual","unknown","partially_comparable","","release/worldbank/edstats_phase1/2026-03-30","NY.GDP.PCAP.KD","USA","United States"
"observation/USA/gdp_per_capita_constant_usd/1999/all","Jurisdiction","jurisdiction/USA","gdp_per_capita_constant_usd","47004.469017723","","constant 2015 US$","1999","annual","unknown","partially_comparable","","release/worldbank/edstats_phase1/2026-03-30","NY.GDP.PCAP.KD","USA","United States"
"observation/USA/gdp_per_capita_constant_usd/2000/all","Jurisdiction","jurisdiction/USA","gdp_per_capita_constant_usd","48379.7551705781","","constant 2015 US$","2000","annual","unknown","partially_comparable","","release/worldbank/edstats_phase1/2026-03-30","NY.GDP.PCAP.KD","USA","United States"
"observation/USA/gdp_per_capita_constant_usd/2001/all","Jurisdiction","jurisdiction/USA","gdp_per_capita_constant_usd","48361.0167607073","","constant 2015 US$","2001","annual","unknown","partially_comparable","","release/worldbank/edstats_phase1/2026-03-30","NY.GDP.PCAP.KD","USA","United States"
"observation/USA/gdp_per_capita_constant_usd/2002/all","Jurisdiction","jurisdiction/USA","gdp_per_capita_constant_usd","48729.1586442625","","constant 2015 US$","2002","annual","unknown","partially_comparable","","release/worldbank/edstats_phase1/2026-03-30","NY.GDP.PCAP.KD","USA","United States"
"observation/USA/gdp_per_capita_constant_usd/2003/all","Jurisdiction","jurisdiction/USA","gdp_per_capita_constant_usd","49662.7520549839","","constant 2015 US$","2003","annual","unknown","partially_comparable","","release/worldbank/edstats_phase1/2026-03-30","NY.GDP.PCAP.KD","USA","United States"
"observation/USA/gdp_per_capita_constant_usd/2004/all","Jurisdiction","jurisdiction/USA","gdp_per_capita_constant_usd","51098.5573007417","","constant 2015 US$","2004","annual","unknown","partially_comparable","","release/worldbank/edstats_phase1/2026-03-30","NY.GDP.PCAP.KD","USA","United States"
"observation/USA/gdp_per_capita_constant_usd/2005/all","Jurisdiction","jurisdiction/USA","gdp_per_capita_constant_usd","52393.4513113092","","constant 2015 US$","2005","annual","unknown","partially_comparable","","release/worldbank/edstats_phase1/2026-03-30","NY.GDP.PCAP.KD","USA","United States"
"observation/USA/gdp_per_capita_constant_usd/2006/all","Jurisdiction","jurisdiction/USA","gdp_per_capita_constant_usd","53335.5896950225","","constant 2015 US$","2006","annual","unknown","partially_comparable","","release/worldbank/edstats_phase1/2026-03-30","NY.GDP.PCAP.KD","USA","United States"
"observation/USA/gdp_per_capita_constant_usd/2007/all","Jurisdiction","jurisdiction/USA","gdp_per_capita_constant_usd","53889.3964951775","","constant 2015 US$","2007","annual","unknown","partially_comparable","","release/worldbank/edstats_phase1/2026-03-30","NY.GDP.PCAP.KD","USA","United States"
"observation/USA/gdp_per_capita_constant_usd/2008/all","Jurisdiction","jurisdiction/USA","gdp_per_capita_constant_usd","53442.7136899777","","constant 2015 US$","2008","annual","unknown","partially_comparable","","release/worldbank/edstats_phase1/2026-03-30","NY.GDP.PCAP.KD","USA","United States"
"observation/USA/gdp_per_capita_constant_usd/2009/all","Jurisdiction","jurisdiction/USA","gdp_per_capita_constant_usd","51611.3217087719","","constant 2015 US$","2009","annual","unknown","partially_comparable","","release/worldbank/edstats_phase1/2026-03-30","NY.GDP.PCAP.KD","USA","United States"
"observation/USA/gdp_per_capita_constant_usd/2010/all","Jurisdiction","jurisdiction/USA","gdp_per_capita_constant_usd","52555.7695134023","","constant 2015 US$","2010","annual","unknown","partially_comparable","","release/worldbank/edstats_phase1/2026-03-30","NY.GDP.PCAP.KD","USA","United States"
"observation/USA/gdp_per_capita_constant_usd/2011/all","Jurisdiction","jurisdiction/USA","gdp_per_capita_constant_usd","52956.6630340962","","constant 2015 US$","2011","annual","unknown","partially_comparable","","release/worldbank/edstats_phase1/2026-03-30","NY.GDP.PCAP.KD","USA","United States"
"observation/USA/gdp_per_capita_constant_usd/2012/all","Jurisdiction","jurisdiction/USA","gdp_per_capita_constant_usd","53738.1476714593","","constant 2015 US$","2012","annual","unknown","partially_comparable","","release/worldbank/edstats_phase1/2026-03-30","NY.GDP.PCAP.KD","USA","United States"
"observation/USA/gdp_per_capita_constant_usd/2013/all","Jurisdiction","jurisdiction/USA","gdp_per_capita_constant_usd","54462.6252412407","","constant 2015 US$","2013","annual","unknown","partially_comparable","","release/worldbank/edstats_phase1/2026-03-30","NY.GDP.PCAP.KD","USA","United States"
"observation/USA/gdp_per_capita_constant_usd/2014/all","Jurisdiction","jurisdiction/USA","gdp_per_capita_constant_usd","55394.4510435329","","constant 2015 US$","2014","annual","unknown","partially_comparable","","release/worldbank/edstats_phase1/2026-03-30","NY.GDP.PCAP.KD","USA","United States"
"observation/USA/gdp_per_capita_constant_usd/2015/all","Jurisdiction","jurisdiction/USA","gdp_per_capita_constant_usd","56572.9188996063","","constant 2015 US$","2015","annual","unknown","partially_comparable","","release/worldbank/edstats_phase1/2026-03-30","NY.GDP.PCAP.KD","USA","United States"
"observation/USA/gdp_per_capita_constant_usd/2016/all","Jurisdiction","jurisdiction/USA","gdp_per_capita_constant_usd","57151.4708448372","","constant 2015 US$","2016","annual","unknown","partially_comparable","","release/worldbank/edstats_phase1/2026-03-30","NY.GDP.PCAP.KD","USA","United States"
"observation/USA/gdp_per_capita_constant_usd/2017/all","Jurisdiction","jurisdiction/USA","gdp_per_capita_constant_usd","58151.7021391854","","constant 2015 US$","2017","annual","unknown","partially_comparable","","release/worldbank/edstats_phase1/2026-03-30","NY.GDP.PCAP.KD","USA","United States"
"observation/USA/gdp_per_capita_constant_usd/2018/all","Jurisdiction","jurisdiction/USA","gdp_per_capita_constant_usd","59526.665698712","","constant 2015 US$","2018","annual","unknown","partially_comparable","","release/worldbank/edstats_phase1/2026-03-30","NY.GDP.PCAP.KD","USA","United States"
"observation/USA/gdp_per_capita_constant_usd/2019/all","Jurisdiction","jurisdiction/USA","gdp_per_capita_constant_usd","60750.9898621637","","constant 2015 US$","2019","annual","unknown","partially_comparable","","release/worldbank/edstats_phase1/2026-03-30","NY.GDP.PCAP.KD","USA","United States"
"observation/USA/gdp_per_capita_constant_usd/2020/all","Jurisdiction","jurisdiction/USA","gdp_per_capita_constant_usd","59194.6665172031","","constant 2015 US$","2020","annual","unknown","partially_comparable","","release/worldbank/edstats_phase1/2026-03-30","NY.GDP.PCAP.KD","USA","United States"
"observation/USA/gdp_per_capita_constant_usd/2021/all","Jurisdiction","jurisdiction/USA","gdp_per_capita_constant_usd","62680.2503585805","","constant 2015 US$","2021","annual","unknown","partially_comparable","","release/worldbank/edstats_phase1/2026-03-30","NY.GDP.PCAP.KD","USA","United States"
"observation/USA/gdp_per_capita_constant_usd/2022/all","Jurisdiction","jurisdiction/USA","gdp_per_capita_constant_usd","63886.1317069841","","constant 2015 US$","2022","annual","unknown","partially_comparable","","release/worldbank/edstats_phase1/2026-03-30","NY.GDP.PCAP.KD","USA","United States"
"observation/USA/gdp_per_capita_constant_usd/2023/all","Jurisdiction","jurisdiction/USA","gdp_per_capita_constant_usd","65186.5977244157","","constant 2015 US$","2023","annual","unknown","partially_comparable","","release/worldbank/edstats_phase1/2026-03-30","NY.GDP.PCAP.KD","USA","United States"
"observation/USA/gdp_per_capita_constant_usd/2024/all","Jurisdiction","jurisdiction/USA","gdp_per_capita_constant_usd","66356.1706750101","","constant 2015 US$","2024","annual","unknown","partially_comparable","","release/worldbank/edstats_phase1/2026-03-30","NY.GDP.PCAP.KD","USA","United States"
"observation/USA/government_expenditure_education_pct_gdp/2015/all","Jurisdiction","jurisdiction/USA","government_expenditure_education_pct_gdp","4.93063020706177","","% of GDP","2015","annual","unknown","partially_comparable","","release/worldbank/edstats_phase1/2026-03-30","SE.XPD.TOTL.GD.ZS","USA","United States"
"observation/USA/government_expenditure_education_pct_gdp/2016/all","Jurisdiction","jurisdiction/USA","government_expenditure_education_pct_gdp","4.78327989578247","","% of GDP","2016","annual","unknown","partially_comparable","","release/worldbank/edstats_phase1/2026-03-30","SE.XPD.TOTL.GD.ZS","USA","United States"
"observation/USA/government_expenditure_education_pct_gdp/2017/all","Jurisdiction","jurisdiction/USA","government_expenditure_education_pct_gdp","5.09296989440918","","% of GDP","2017","annual","unknown","partially_comparable","","release/worldbank/edstats_phase1/2026-03-30","SE.XPD.TOTL.GD.ZS","USA","United States"
"observation/USA/government_expenditure_education_pct_gdp/2018/all","Jurisdiction","jurisdiction/USA","government_expenditure_education_pct_gdp","4.89502000808716","","% of GDP","2018","annual","unknown","partially_comparable","","release/worldbank/edstats_phase1/2026-03-30","SE.XPD.TOTL.GD.ZS","USA","United States"
"observation/USA/government_expenditure_education_pct_gdp/2019/all","Jurisdiction","jurisdiction/USA","government_expenditure_education_pct_gdp","4.95746994018555","","% of GDP","2019","annual","unknown","partially_comparable","","release/worldbank/edstats_phase1/2026-03-30","SE.XPD.TOTL.GD.ZS","USA","United States"
"observation/USA/government_expenditure_education_pct_gdp/2020/all","Jurisdiction","jurisdiction/USA","government_expenditure_education_pct_gdp","5.39531993865967","","% of GDP","2020","annual","unknown","partially_comparable","","release/worldbank/edstats_phase1/2026-03-30","SE.XPD.TOTL.GD.ZS","USA","United States"
"observation/USA/government_expenditure_education_pct_gdp/2021/all","Jurisdiction","jurisdiction/USA","government_expenditure_education_pct_gdp","5.42038011550903","","% of GDP","2021","annual","unknown","partially_comparable","","release/worldbank/edstats_phase1/2026-03-30","SE.XPD.TOTL.GD.ZS","USA","United States"
"observation/USA/government_expenditure_education_pct_total_govt_expenditure/2015/all","Jurisdiction","jurisdiction/USA","government_expenditure_education_pct_total_govt_expenditure","13.5466499328613","","% of government expenditure","2015","annual","unknown","partially_comparable","","release/worldbank/edstats_phase1/2026-03-30","SE.XPD.TOTL.GB.ZS","USA","United States"
"observation/USA/government_expenditure_education_pct_total_govt_expenditure/2016/all","Jurisdiction","jurisdiction/USA","government_expenditure_education_pct_total_govt_expenditure","13.1706104278565","","% of government expenditure","2016","annual","unknown","partially_comparable","","release/worldbank/edstats_phase1/2026-03-30","SE.XPD.TOTL.GB.ZS","USA","United States"
"observation/USA/government_expenditure_education_pct_total_govt_expenditure/2017/all","Jurisdiction","jurisdiction/USA","government_expenditure_education_pct_total_govt_expenditure","13.8754997253418","","% of government expenditure","2017","annual","unknown","partially_comparable","","release/worldbank/edstats_phase1/2026-03-30","SE.XPD.TOTL.GB.ZS","USA","United States"
"observation/USA/government_expenditure_education_pct_total_govt_expenditure/2018/all","Jurisdiction","jurisdiction/USA","government_expenditure_education_pct_total_govt_expenditure","13.1474103927612","","% of government expenditure","2018","annual","unknown","partially_comparable","","release/worldbank/edstats_phase1/2026-03-30","SE.XPD.TOTL.GB.ZS","USA","United States"
"observation/USA/government_expenditure_education_pct_total_govt_expenditure/2019/all","Jurisdiction","jurisdiction/USA","government_expenditure_education_pct_total_govt_expenditure","13.2726898193359","","% of government expenditure","2019","annual","unknown","partially_comparable","","release/worldbank/edstats_phase1/2026-03-30","SE.XPD.TOTL.GB.ZS","USA","United States"
"observation/USA/government_expenditure_education_pct_total_govt_expenditure/2020/all","Jurisdiction","jurisdiction/USA","government_expenditure_education_pct_total_govt_expenditure","12.1537599563599","","% of government expenditure","2020","annual","unknown","partially_comparable","","release/worldbank/edstats_phase1/2026-03-30","SE.XPD.TOTL.GB.ZS","USA","United States"
"observation/USA/government_expenditure_education_pct_total_govt_expenditure/2021/all","Jurisdiction","jurisdiction/USA","government_expenditure_education_pct_total_govt_expenditure","11.3095998764038","","% of government expenditure","2021","annual","unknown","partially_comparable","","release/worldbank/edstats_phase1/2026-03-30","SE.XPD.TOTL.GB.ZS","USA","United States"
"observation/USA/total_population/1960/all","Jurisdiction","jurisdiction/USA","total_population","180671000","","people","1960","annual","unknown","partially_comparable","","release/worldbank/edstats_phase1/2026-03-30","SP.POP.TOTL","USA","United States"
"observation/USA/total_population/1961/all","Jurisdiction","jurisdiction/USA","total_population","183691000","","people","1961","annual","unknown","partially_comparable","","release/worldbank/edstats_phase1/2026-03-30","SP.POP.TOTL","USA","United States"
"observation/USA/total_population/1962/all","Jurisdiction","jurisdiction/USA","total_population","186538000","","people","1962","annual","unknown","partially_comparable","","release/worldbank/edstats_phase1/2026-03-30","SP.POP.TOTL","USA","United States"
"observation/USA/total_population/1963/all","Jurisdiction","jurisdiction/USA","total_population","189242000","","people","1963","annual","unknown","partially_comparable","","release/worldbank/edstats_phase1/2026-03-30","SP.POP.TOTL","USA","United States"
"observation/USA/total_population/1964/all","Jurisdiction","jurisdiction/USA","total_population","191889000","","people","1964","annual","unknown","partially_comparable","","release/worldbank/edstats_phase1/2026-03-30","SP.POP.TOTL","USA","United States"
"observation/USA/total_population/1965/all","Jurisdiction","jurisdiction/USA","total_population","194303000","","people","1965","annual","unknown","partially_comparable","","release/worldbank/edstats_phase1/2026-03-30","SP.POP.TOTL","USA","United States"
"observation/USA/total_population/1966/all","Jurisdiction","jurisdiction/USA","total_population","196560000","","people","1966","annual","unknown","partially_comparable","","release/worldbank/edstats_phase1/2026-03-30","SP.POP.TOTL","USA","United States"
"observation/USA/total_population/1967/all","Jurisdiction","jurisdiction/USA","total_population","198712000","","people","1967","annual","unknown","partially_comparable","","release/worldbank/edstats_phase1/2026-03-30","SP.POP.TOTL","USA","United States"
"observation/USA/total_population/1968/all","Jurisdiction","jurisdiction/USA","total_population","200706000","","people","1968","annual","unknown","partially_comparable","","release/worldbank/edstats_phase1/2026-03-30","SP.POP.TOTL","USA","United States"
"observation/USA/total_population/1969/all","Jurisdiction","jurisdiction/USA","total_population","202677000","","people","1969","annual","unknown","partially_comparable","","release/worldbank/edstats_phase1/2026-03-30","SP.POP.TOTL","USA","United States"
"observation/USA/total_population/1970/all","Jurisdiction","jurisdiction/USA","total_population","205052000","","people","1970","annual","unknown","partially_comparable","","release/worldbank/edstats_phase1/2026-03-30","SP.POP.TOTL","USA","United States"
"observation/USA/total_population/1971/all","Jurisdiction","jurisdiction/USA","total_population","207661000","","people","1971","annual","unknown","partially_comparable","","release/worldbank/edstats_phase1/2026-03-30","SP.POP.TOTL","USA","United States"
"observation/USA/total_population/1972/all","Jurisdiction","jurisdiction/USA","total_population","209896000","","people","1972","annual","unknown","partially_comparable","","release/worldbank/edstats_phase1/2026-03-30","SP.POP.TOTL","USA","United States"
"observation/USA/total_population/1973/all","Jurisdiction","jurisdiction/USA","total_population","211909000","","people","1973","annual","unknown","partially_comparable","","release/worldbank/edstats_phase1/2026-03-30","SP.POP.TOTL","USA","United States"
"observation/USA/total_population/1974/all","Jurisdiction","jurisdiction/USA","total_population","213854000","","people","1974","annual","unknown","partially_comparable","","release/worldbank/edstats_phase1/2026-03-30","SP.POP.TOTL","USA","United States"
"observation/USA/total_population/1975/all","Jurisdiction","jurisdiction/USA","total_population","215973000","","people","1975","annual","unknown","partially_comparable","","release/worldbank/edstats_phase1/2026-03-30","SP.POP.TOTL","USA","United States"
"observation/USA/total_population/1976/all","Jurisdiction","jurisdiction/USA","total_population","218035000","","people","1976","annual","unknown","partially_comparable","","release/worldbank/edstats_phase1/2026-03-30","SP.POP.TOTL","USA","United States"
"observation/USA/total_population/1977/all","Jurisdiction","jurisdiction/USA","total_population","220239000","","people","1977","annual","unknown","partially_comparable","","release/worldbank/edstats_phase1/2026-03-30","SP.POP.TOTL","USA","United States"
"observation/USA/total_population/1978/all","Jurisdiction","jurisdiction/USA","total_population","222585000","","people","1978","annual","unknown","partially_comparable","","release/worldbank/edstats_phase1/2026-03-30","SP.POP.TOTL","USA","United States"
"observation/USA/total_population/1979/all","Jurisdiction","jurisdiction/USA","total_population","225055000","","people","1979","annual","unknown","partially_comparable","","release/worldbank/edstats_phase1/2026-03-30","SP.POP.TOTL","USA","United States"
"observation/USA/total_population/1980/all","Jurisdiction","jurisdiction/USA","total_population","227225000","","people","1980","annual","unknown","partially_comparable","","release/worldbank/edstats_phase1/2026-03-30","SP.POP.TOTL","USA","United States"
"observation/USA/total_population/1981/all","Jurisdiction","jurisdiction/USA","total_population","229466000","","people","1981","annual","unknown","partially_comparable","","release/worldbank/edstats_phase1/2026-03-30","SP.POP.TOTL","USA","United States"
"observation/USA/total_population/1982/all","Jurisdiction","jurisdiction/USA","total_population","231664000","","people","1982","annual","unknown","partially_comparable","","release/worldbank/edstats_phase1/2026-03-30","SP.POP.TOTL","USA","United States"
"observation/USA/total_population/1983/all","Jurisdiction","jurisdiction/USA","total_population","233792000","","people","1983","annual","unknown","partially_comparable","","release/worldbank/edstats_phase1/2026-03-30","SP.POP.TOTL","USA","United States"
"observation/USA/total_population/1984/all","Jurisdiction","jurisdiction/USA","total_population","235825000","","people","1984","annual","unknown","partially_comparable","","release/worldbank/edstats_phase1/2026-03-30","SP.POP.TOTL","USA","United States"
"observation/USA/total_population/1985/all","Jurisdiction","jurisdiction/USA","total_population","237924000","","people","1985","annual","unknown","partially_comparable","","release/worldbank/edstats_phase1/2026-03-30","SP.POP.TOTL","USA","United States"
"observation/USA/total_population/1986/all","Jurisdiction","jurisdiction/USA","total_population","240133000","","people","1986","annual","unknown","partially_comparable","","release/worldbank/edstats_phase1/2026-03-30","SP.POP.TOTL","USA","United States"
"observation/USA/total_population/1987/all","Jurisdiction","jurisdiction/USA","total_population","242289000","","people","1987","annual","unknown","partially_comparable","","release/worldbank/edstats_phase1/2026-03-30","SP.POP.TOTL","USA","United States"
"observation/USA/total_population/1988/all","Jurisdiction","jurisdiction/USA","total_population","244499000","","people","1988","annual","unknown","partially_comparable","","release/worldbank/edstats_phase1/2026-03-30","SP.POP.TOTL","USA","United States"
"observation/USA/total_population/1989/all","Jurisdiction","jurisdiction/USA","total_population","246819000","","people","1989","annual","unknown","partially_comparable","","release/worldbank/edstats_phase1/2026-03-30","SP.POP.TOTL","USA","United States"
"observation/USA/total_population/1990/all","Jurisdiction","jurisdiction/USA","total_population","249623000","","people","1990","annual","unknown","partially_comparable","","release/worldbank/edstats_phase1/2026-03-30","SP.POP.TOTL","USA","United States"
"observation/USA/total_population/1991/all","Jurisdiction","jurisdiction/USA","total_population","252981000","","people","1991","annual","unknown","partially_comparable","","release/worldbank/edstats_phase1/2026-03-30","SP.POP.TOTL","USA","United States"
"observation/USA/total_population/1992/all","Jurisdiction","jurisdiction/USA","total_population","256514000","","people","1992","annual","unknown","partially_comparable","","release/worldbank/edstats_phase1/2026-03-30","SP.POP.TOTL","USA","United States"
"observation/USA/total_population/1993/all","Jurisdiction","jurisdiction/USA","total_population","259919000","","people","1993","annual","unknown","partially_comparable","","release/worldbank/edstats_phase1/2026-03-30","SP.POP.TOTL","USA","United States"
"observation/USA/total_population/1994/all","Jurisdiction","jurisdiction/USA","total_population","263126000","","people","1994","annual","unknown","partially_comparable","","release/worldbank/edstats_phase1/2026-03-30","SP.POP.TOTL","USA","United States"
"observation/USA/total_population/1995/all","Jurisdiction","jurisdiction/USA","total_population","266278000","","people","1995","annual","unknown","partially_comparable","","release/worldbank/edstats_phase1/2026-03-30","SP.POP.TOTL","USA","United States"
"observation/USA/total_population/1996/all","Jurisdiction","jurisdiction/USA","total_population","269394000","","people","1996","annual","unknown","partially_comparable","","release/worldbank/edstats_phase1/2026-03-30","SP.POP.TOTL","USA","United States"
"observation/USA/total_population/1997/all","Jurisdiction","jurisdiction/USA","total_population","272657000","","people","1997","annual","unknown","partially_comparable","","release/worldbank/edstats_phase1/2026-03-30","SP.POP.TOTL","USA","United States"
"observation/USA/total_population/1998/all","Jurisdiction","jurisdiction/USA","total_population","275854000","","people","1998","annual","unknown","partially_comparable","","release/worldbank/edstats_phase1/2026-03-30","SP.POP.TOTL","USA","United States"
"observation/USA/total_population/1999/all","Jurisdiction","jurisdiction/USA","total_population","279040000","","people","1999","annual","unknown","partially_comparable","","release/worldbank/edstats_phase1/2026-03-30","SP.POP.TOTL","USA","United States"
"observation/USA/total_population/2000/all","Jurisdiction","jurisdiction/USA","total_population","282162411","","people","2000","annual","unknown","partially_comparable","","release/worldbank/edstats_phase1/2026-03-30","SP.POP.TOTL","USA","United States"
"observation/USA/total_population/2001/all","Jurisdiction","jurisdiction/USA","total_population","284968955","","people","2001","annual","unknown","partially_comparable","","release/worldbank/edstats_phase1/2026-03-30","SP.POP.TOTL","USA","United States"
"observation/USA/total_population/2002/all","Jurisdiction","jurisdiction/USA","total_population","287625193","","people","2002","annual","unknown","partially_comparable","","release/worldbank/edstats_phase1/2026-03-30","SP.POP.TOTL","USA","United States"
"observation/USA/total_population/2003/all","Jurisdiction","jurisdiction/USA","total_population","290107933","","people","2003","annual","unknown","partially_comparable","","release/worldbank/edstats_phase1/2026-03-30","SP.POP.TOTL","USA","United States"
"observation/USA/total_population/2004/all","Jurisdiction","jurisdiction/USA","total_population","292805298","","people","2004","annual","unknown","partially_comparable","","release/worldbank/edstats_phase1/2026-03-30","SP.POP.TOTL","USA","United States"
"observation/USA/total_population/2005/all","Jurisdiction","jurisdiction/USA","total_population","295516599","","people","2005","annual","unknown","partially_comparable","","release/worldbank/edstats_phase1/2026-03-30","SP.POP.TOTL","USA","United States"
"observation/USA/total_population/2006/all","Jurisdiction","jurisdiction/USA","total_population","298379912","","people","2006","annual","unknown","partially_comparable","","release/worldbank/edstats_phase1/2026-03-30","SP.POP.TOTL","USA","United States"
"observation/USA/total_population/2007/all","Jurisdiction","jurisdiction/USA","total_population","301231207","","people","2007","annual","unknown","partially_comparable","","release/worldbank/edstats_phase1/2026-03-30","SP.POP.TOTL","USA","United States"
"observation/USA/total_population/2008/all","Jurisdiction","jurisdiction/USA","total_population","304093966","","people","2008","annual","unknown","partially_comparable","","release/worldbank/edstats_phase1/2026-03-30","SP.POP.TOTL","USA","United States"
"observation/USA/total_population/2009/all","Jurisdiction","jurisdiction/USA","total_population","306771529","","people","2009","annual","unknown","partially_comparable","","release/worldbank/edstats_phase1/2026-03-30","SP.POP.TOTL","USA","United States"
"observation/USA/total_population/2010/all","Jurisdiction","jurisdiction/USA","total_population","309378227","","people","2010","annual","unknown","partially_comparable","","release/worldbank/edstats_phase1/2026-03-30","SP.POP.TOTL","USA","United States"
"observation/USA/total_population/2011/all","Jurisdiction","jurisdiction/USA","total_population","311839461","","people","2011","annual","unknown","partially_comparable","","release/worldbank/edstats_phase1/2026-03-30","SP.POP.TOTL","USA","United States"
"observation/USA/total_population/2012/all","Jurisdiction","jurisdiction/USA","total_population","314339099","","people","2012","annual","unknown","partially_comparable","","release/worldbank/edstats_phase1/2026-03-30","SP.POP.TOTL","USA","United States"
"observation/USA/total_population/2013/all","Jurisdiction","jurisdiction/USA","total_population","316726282","","people","2013","annual","unknown","partially_comparable","","release/worldbank/edstats_phase1/2026-03-30","SP.POP.TOTL","USA","United States"
"observation/USA/total_population/2014/all","Jurisdiction","jurisdiction/USA","total_population","319257560","","people","2014","annual","unknown","partially_comparable","","release/worldbank/edstats_phase1/2026-03-30","SP.POP.TOTL","USA","United States"
"observation/USA/total_population/2015/all","Jurisdiction","jurisdiction/USA","total_population","321815121","","people","2015","annual","unknown","partially_comparable","","release/worldbank/edstats_phase1/2026-03-30","SP.POP.TOTL","USA","United States"
"observation/USA/total_population/2016/all","Jurisdiction","jurisdiction/USA","total_population","324353340","","people","2016","annual","unknown","partially_comparable","","release/worldbank/edstats_phase1/2026-03-30","SP.POP.TOTL","USA","United States"
"observation/USA/total_population/2017/all","Jurisdiction","jurisdiction/USA","total_population","326608609","","people","2017","annual","unknown","partially_comparable","","release/worldbank/edstats_phase1/2026-03-30","SP.POP.TOTL","USA","United States"
"observation/USA/total_population/2018/all","Jurisdiction","jurisdiction/USA","total_population","328529577","","people","2018","annual","unknown","partially_comparable","","release/worldbank/edstats_phase1/2026-03-30","SP.POP.TOTL","USA","United States"
"observation/USA/total_population/2019/all","Jurisdiction","jurisdiction/USA","total_population","330226227","","people","2019","annual","unknown","partially_comparable","","release/worldbank/edstats_phase1/2026-03-30","SP.POP.TOTL","USA","United States"
"observation/USA/total_population/2020/all","Jurisdiction","jurisdiction/USA","total_population","331577720","","people","2020","annual","unknown","partially_comparable","","release/worldbank/edstats_phase1/2026-03-30","SP.POP.TOTL","USA","United States"
"observation/USA/total_population/2021/all","Jurisdiction","jurisdiction/USA","total_population","332099760","","people","2021","annual","unknown","partially_comparable","","release/worldbank/edstats_phase1/2026-03-30","SP.POP.TOTL","USA","United States"
"observation/USA/total_population/2022/all","Jurisdiction","jurisdiction/USA","total_population","334017321","","people","2022","annual","unknown","partially_comparable","","release/worldbank/edstats_phase1/2026-03-30","SP.POP.TOTL","USA","United States"
"observation/USA/total_population/2023/all","Jurisdiction","jurisdiction/USA","total_population","336806231","","people","2023","annual","unknown","partially_comparable","","release/worldbank/edstats_phase1/2026-03-30","SP.POP.TOTL","USA","United States"
"observation/USA/total_population/2024/all","Jurisdiction","jurisdiction/USA","total_population","340110988","","people","2024","annual","unknown","partially_comparable","","release/worldbank/edstats_phase1/2026-03-30","SP.POP.TOTL","USA","United States"
